{
  "project_info": {
    "project_number": "130701290161",
    "firebase_url": "https://virtual-store-app.firebaseio.com",
    "project_id": "virtual-store-app",
    "storage_bucket": "virtual-store-app.appspot.com"
  },
  "client": [
    {
      "client_info": {
        "mobilesdk_app_id": "1:130701290161:android:cfb9f29a6e218c13c11090",
        "android_client_info": {
          "package_name": "br.com.gabrielcunha.loja_virtual"
        }
      },
      "oauth_client": [
        {
          "client_id": "130701290161-182o42824gasu6n41fidmss0b4ipaia5.apps.googleusercontent.com",
          "client_type": 3
        }
      ],
      "api_key": [
        {
          "current_key": "AIzaSyCknFoBh8ENuv1Yr4YlUoiNBTUTTbE-Njo"
        }
      ],
      "services": {
        "appinvite_service": {
          "other_platform_oauth_client": [
            {
              "client_id": "130701290161-182o42824gasu6n41fidmss0b4ipaia5.apps.googleusercontent.com",
              "client_type": 3
            }
          ]
        }
      }
    }
  ],
  "configuration_version": "1"
}